Iter;Beta;NormF;x_0;x_1
0;0.0000000000000000e+00;1.7677669529663689e+00;1.5000000000000000e+00;0.0000000000000000e+00
1;2.8421709430404007e-14;1.7677669529729261e+00;1.5000009999999999e+00;-1.9209289945527471e-07
2;5.6843418860808015e-14;1.7677669529728741e+00;1.5000009999999999e+00;6.5892879612964899e-09
3;0.0000000000000000e+00;1.7677669529728741e+00;1.5000009999999999e+00;6.5892879612964899e-09
