Iter;Beta;NormF;x_0;x_1
0;0.0000000000000000e+00;1.7677669529663689e+00;1.5000000000000000e+00;0.0000000000000000e+00
1;0.0000000000000000e+00;1.7677669529742883e+00;1.5000009999999999e+00;9.9999999999999995e-07
