Iter;Beta;NormF;x_0;x_1
0;0.0000000000000000e+00;5.5226805085936306e+00;5.0000000000000000e-01;5.0000000000000000e-01
1;1.0000000000000000e+00;1.7677669529663711e+00;1.5000000016556847e+00;-3.3941533472692242e-08
2;1.7763568394002505e-15;1.7677669529663691e+00;1.5000000016556847e+00;3.3113707763475791e-09
3;0.0000000000000000e+00;1.7677669529663691e+00;1.5000000016556847e+00;3.3113707763475791e-09
