Iter;Beta;NormF;x_0;x_1
0;0.0000000000000000e+00;5.5226805085936306e+00;5.0000000000000000e-01;5.0000000000000000e-01
1;1.0000000000000000e+00;1.7677669529663689e+00;1.5000000000000000e+00;-1.1102230246251565e-16
2;0.0000000000000000e+00;1.7677669529742883e+00;1.5000009999999999e+00;9.9999999988897765e-07
